{"initial_reset_timestamp": 1591896778.0252697, "timestamps": [1591896784.9352782], "episode_lengths": [200], "episode_rewards": [-123.46102814655794], "episode_types": ["t"]}