{"initial_reset_timestamp": 1591157700.1903467, "timestamps": [1591157727.3791342], "episode_lengths": [723], "episode_rewards": [307.3187834599016], "episode_types": ["t"]}